{"cameraMode":{"drawMode":0,"name":"Shaded","section":"Shading Mode"},"sceneLighting":true,"audioPlay":false,"sceneViewState":{"showFog":true,"showMaterialUpdate":false,"showSkybox":true,"showFlares":true,"showImageEffects":true,"showParticleSystems":true},"in2DMode":false,"pivot":{"x":-1.216389536857605,"y":1.548330307006836,"z":2.5749998092651369},"rotation":{"x":-0.08987396955490112,"y":-0.010457269847393036,"z":-0.0009438452543690801,"w":0.995898425579071},"size":1.793806791305542,"orthographic":false}